drop table Achievement;
create table Achievement(ID,Name,Type,Icon,Des,Comment,Progress,RewardID,RewardNum);
insert into Achievement values (1,'',1,'','Successfully explored {0} planets','成功探索开启%d个星球cheng gongtan suokai qigexing qiu','2|4|8','20000001&20000001&20000001','40&100&200');
insert into Achievement values (2,'',1,'','Overall rating {0}','总星级达到%dzongxing jida dao','15|150|300','20000001&20000001&20000001','40&100&200');
insert into Achievement values (4,'',1,'','Reach {0} achievements ','达成%d条成就da chengtiaocheng jiu','5|50|150','20000001&20000001|20300002&20000001|20300002','60&130|1&200|2');
insert into Achievement values (6,'',1,'','Get {0} coins in total ','累计获得%d金币lei jihuo dejin b','1000|5000|20000','20000001&20000001&20000001','40&100&160');
insert into Achievement values (8,'',1,'','Overall score {0}','总分数达到%dzongfen shuda dao','50000|150000|1500000','20000001&20000001&20000001','40&100&200');
insert into Achievement values (9,'',2,'','Streaks to remove {0}','连续消除数达到%dlian xuxiao chushu liangda d','7|15|22','20000001&20000001&20000001','40&100&200');
insert into Achievement values (10,'',2,'','Remove {0} jelly traps','消除%d张二次消除牌xiao chuzhanger cixiao chu pai','50|100|500','20000001&20000001&20000001','50&100&200');
insert into Achievement values (11,'',2,'','Remove {0} cheese pairs','消除%d对匹配牌xiao chuduipi peipai','50|100|500','20000001&20000001&20000001','50&100&200');
insert into Achievement values (12,'',2,'','Remove {0} candy traps','消除%d对匹配再消除牌xiao chuduipi peizaixiao chupai','50|10|500','20000001&20000001&20000001','50&100&200');
insert into Achievement values (13,'',2,'','Finish the game in {0} seconds','%d秒内完成游戏miaoneiwan chengyou xi','30|25|15','20000001&20000001&20000001','40&100&200');
insert into Achievement values (14,'',2,'','Remove {0} hand card bombs','消除%d个手牌炸弹xiao chugeshou paizha dan','20|80|200','20000001&20000001&20000001','50&100&200');
insert into Achievement values (16,'',2,'','Use {0} cards to complete the game ','使用%d张手牌完成游戏shi yongzhagnshou paiwan chengyou xi','10|7|4','20000001&20000001&20000001','40&100&200');
insert into Achievement values (17,'',3,'','Use {0} laser guns','使用10/50/200次范围消除道具shi yongcifan weixiao chudao ju','50|100|500','20000001|20300001&20000001|20300001&20000001|20300001','60|1&130|1&220|2');
insert into Achievement values (18,'',3,'','Use {0} wild cards','使用10/50/200次万能牌shi yongwan nengpai','50|100|500','20000001|20300002&20000001|20300002&20000001|20300002','60|1&130|1&220|2');
insert into Achievement values (19,'',3,'','Use {0} jelly spoons','使用10/50/200次消除蒙板消除道具shi yongcixiao chumeng banxiao chudao ju','50|100|500','20000001|20300006&20000001|20300006&20000001|20300006','60|1&130|1&220|2');
insert into Achievement values (20,'',3,'','Use {0} candy knife tools','使用10/50/200次匹配消除蒙版道具shi yongcixiao chumeng banxiao chudao ju','50|100|500','20000001|20300010&20000001|20300010&20000001|20300010','60|1&130|1&220|2');
insert into Achievement values (21,'',3,'','Cost {0} coins in total','花费10000/30000/70000金币hua feijin bi','10000|30000|70000','20000001|20300001&20000001|20300001&20000001|20300001','500|2&1500|4&3000|6');
insert into Achievement values (22,'',3,'','Watch ads {0} times','观看3/20/100次广告guan kanciguang g','10|100|1000','20000001&20000001&20000001','40&100&200');
insert into Achievement values (23,'',3,'','Undo {0} times','使用10/50/200次撤销shi yongciche xiao','100|500|1000','20000001|20300002&20000001|20300002&20000001|20300002','60|1&130|1&220&2');
insert into Achievement values (24,'',3,'','Have {0} kinds of cards front','拥有5/10/15种卡牌背面yong youzhongka paibei mian','5|10|15','20000001|20300001&20000001|20300001&20000001|20300001','100|1&200|1&300|2');
insert into Achievement values (25,'',3,'','Have {0} kinds of cards back','拥有5/10/15种卡牌正面yong youzhongka paizheng mian','5|10|15','20000001|20300001&20000001|20300001&20000001|20300001','60|1&130|1&220|2');
insert into Achievement values (27,'',3,'','Change name {0} times','更改1/5/20次名称geng gaiciming cheng','1|5|20','20000001&20000001&20000001','40&100&200');
insert into Achievement values (28,'',3,'','Buy Space Battery {0} times','购买10/50/100次飞船电池','10|50|100','20000001|20300001&20000001|20300001&20000001|20300001|20300002','150|1&300|1&600|1|1');
insert into Achievement values (0,'',0,'','','','','','');
insert into Achievement values (0,'',0,'','','','','','');
insert into Achievement values (0,'',0,'','','','','','');
insert into Achievement values (0,'',0,'','','','','','');
insert into Achievement values (0,'',0,'','','','','','');
insert into Achievement values (0,'',0,'','','','','','');
insert into Achievement values (0,'',0,'','','','','','');
insert into Achievement values (0,'',0,'','','','','','');
insert into Achievement values (0,'',0,'','','','','','');
insert into Achievement values (0,'',0,'','','','','','');
insert into Achievement values (0,'',0,'','','','','','');
insert into Achievement values (0,'',0,'','','','','','');
insert into Achievement values (0,'',0,'','','','','','');
insert into Achievement values (0,'',0,'','','','','','');
insert into Achievement values (0,'',0,'','','','','','');
insert into Achievement values (0,'',0,'','','','','','');
insert into Achievement values (0,'',0,'','','','','','');
insert into Achievement values (0,'',0,'','','','','','');
insert into Achievement values (0,'',0,'','','','','','');
insert into Achievement values (0,'',0,'','','','','','');
insert into Achievement values (0,'',0,'','','','','','');
insert into Achievement values (0,'',0,'','','','','','');
insert into Achievement values (0,'',0,'','','','','','');
insert into Achievement values (0,'',0,'','','','','','');
insert into Achievement values (0,'',0,'','','','','','');
insert into Achievement values (0,'',0,'','','','','','');
insert into Achievement values (0,'',0,'','','','','','');
insert into Achievement values (0,'',0,'','','','','','');
insert into Achievement values (0,'',0,'','','','','','');
insert into Achievement values (0,'',0,'','','','','','');
insert into Achievement values (0,'',0,'','','','','','');
insert into Achievement values (0,'',0,'','','','','','');drop table AchiType;
create table AchiType(ID,Type);
insert into AchiType values (1,'常规,包含进度，成长有关的成就');
insert into AchiType values (2,'游戏,包含');
insert into AchiType values (3,'特殊,包含使用道具，解锁道具／头像等，消费等，和付费盈利有关的成就');drop table DailyLogin;
create table DailyLogin(id integer PRIMARY KEY NOT NULL,ItemID,ItemName,ItemNum);
insert into DailyLogin values (1,20000001,'Coins',20);
insert into DailyLogin values (2,20300002,'Rabbit Joker',1);
insert into DailyLogin values (3,20000001,'Coins',20);
insert into DailyLogin values (4,20000001,'Coins',40);
insert into DailyLogin values (5,20300001,'Laser Gun',1);
insert into DailyLogin values (6,20000001,'Coins',20);
insert into DailyLogin values (7,20500009,'Moon Card Back',1);drop table Friend;
create table Friend(ID,FriendNum);
insert into Friend values (1,15);
insert into Friend values (2,15);drop table GameStrings;
create table GameStrings(ID,Content);
insert into GameStrings values (30000001,'Meeting you was inconceivable.');
insert into GameStrings values (30000002,'I can't be the part of your past, but I'll be with you until the very end. ');
insert into GameStrings values (30000003,'Happiness is in daily little things, thanks the fate let I met you!');
insert into GameStrings values (30000004,'Two parallels will also meet one day.');
insert into GameStrings values (30000005,'To the world you might be just  person, but to me you are the whole world.');
insert into GameStrings values (30000006,'Don't hurry, the best always comes when unexpected. ');
insert into GameStrings values (30000007,'Never frown when you're sad because you never know who may fall in love with your smile.');
insert into GameStrings values (30000008,'If one day we become strangers, then I want to meet and know you again. ');
insert into GameStrings values (30000009,'If only you need me, I'll always be by your side. ');
insert into GameStrings values (30000010,'May the world embrace you warmly.');
insert into GameStrings values (30000011,'Never lose hope. You don't know what kind of surprise is waiting for you tomorrow;');
insert into GameStrings values (30000012,'If there were two space flight tickets available now, would you fly with me?');
insert into GameStrings values (30000013,'New day, new you ');
insert into GameStrings values (30000014,'You're so cute when you're smiling');drop table Item;
create table Item(ID,Name,Icon,Des,PileUpperLimit,Skill,ItemBuyInfo,UnlockInfo);
insert into Item values (20000001,'金币jin bi','det_gold_101','HI',0,0,0,0);
insert into Item values (20000002,'金币1','det_gold_101','HI',0,0,1,0);
insert into Item values (20000003,'金币2jin bi','det_gold_102','HI',0,0,2,0);
insert into Item values (20000004,'金币3jin bi','det_gold_103','HI',0,0,3,0);
insert into Item values (20000005,'金币4jin bi','det_gold_103','HI',0,0,4,0);
insert into Item values (20000006,'金币5jin bi','det_gold_104','HI',0,0,5,0);
insert into Item values (20000007,'金币6jin bi','det_gold_105','HI',0,0,6,0);
insert into Item values (20000008,'金币7jin bi','det_gold_106','HI',0,0,7,0);
insert into Item values (20000009,'金币8jin bi','det_gold_107','HI',0,0,8,0);
insert into Item values (20000010,'体力','','HI',5,0,0,1);
insert into Item values (20000011,'体力1ti li','','HI',5,0,0,1);
insert into Item values (20000012,'体力2ti li','','HI',5,0,0,2);
insert into Item values (20101001,'红桃A','','HI',0,0,0,0);
insert into Item values (20101002,'红桃2','','HI',0,0,0,0);
insert into Item values (20101003,'红桃3','','HI',0,0,0,0);
insert into Item values (20101004,'红桃4','','HI',0,0,0,0);
insert into Item values (20101005,'红桃5','','HI',0,0,0,0);
insert into Item values (20101006,'红桃6','','HI',0,0,0,0);
insert into Item values (20101007,'红桃7','','HI',0,0,0,0);
insert into Item values (20101008,'红桃8','','HI',0,0,0,0);
insert into Item values (20101009,'红桃9','','HI',0,0,0,0);
insert into Item values (20101010,'红桃10','','HI',0,0,0,0);
insert into Item values (20101011,'红桃J','','HI',0,0,0,0);
insert into Item values (20101012,'红桃Q','','HI',0,0,0,0);
insert into Item values (20101013,'红桃K','','HI',0,0,0,0);
insert into Item values (20102001,'黑桃A','','HI',0,0,0,0);
insert into Item values (20102002,'黑桃2','','HI',0,0,0,0);
insert into Item values (20102003,'黑桃3','','HI',0,0,0,0);
insert into Item values (20102004,'黑桃4','','HI',0,0,0,0);
insert into Item values (20102005,'黑桃5','','HI',0,0,0,0);
insert into Item values (20102006,'黑桃6','','HI',0,0,0,0);
insert into Item values (20102007,'黑桃7','','HI',0,0,0,0);
insert into Item values (20102008,'黑桃8','','HI',0,0,0,0);
insert into Item values (20102009,'黑桃9','','HI',0,0,0,0);
insert into Item values (20102010,'黑桃10','','HI',0,0,0,0);
insert into Item values (20102011,'黑桃J','','HI',0,0,0,0);
insert into Item values (20102012,'黑桃Q','','HI',0,0,0,0);
insert into Item values (20102013,'黑桃K','','HI',0,0,0,0);
insert into Item values (20103001,'方片A','','HI',0,0,0,0);
insert into Item values (20103002,'方片2','','HI',0,0,0,0);
insert into Item values (20103003,'方片3','','HI',0,0,0,0);
insert into Item values (20103004,'方片4','','HI',0,0,0,0);
insert into Item values (20103005,'方片5','','HI',0,0,0,0);
insert into Item values (20103006,'方片6','','HI',0,0,0,0);
insert into Item values (20103007,'方片7','','HI',0,0,0,0);
insert into Item values (20103008,'方片8','','HI',0,0,0,0);
insert into Item values (20103009,'方片9','','HI',0,0,0,0);
insert into Item values (20103010,'方片10','','HI',0,0,0,0);
insert into Item values (20103011,'方片J','','HI',0,0,0,0);
insert into Item values (20103012,'方片Q','','HI',0,0,0,0);
insert into Item values (20103013,'方片K','','HI',0,0,0,0);
insert into Item values (20104001,'梅花A','','HI',0,0,0,0);
insert into Item values (20104002,'梅花2','','HI',0,0,0,0);
insert into Item values (20104003,'梅花3','','HI',0,0,0,0);
insert into Item values (20104004,'梅花4','','HI',0,0,0,0);
insert into Item values (20104005,'梅花5','','HI',0,0,0,0);
insert into Item values (20104006,'梅花6','','HI',0,0,0,0);
insert into Item values (20104007,'梅花7','','HI',0,0,0,0);
insert into Item values (20104008,'梅花8','','HI',0,0,0,0);
insert into Item values (20104009,'梅花9','','HI',0,0,0,0);
insert into Item values (20104010,'梅花10','','HI',0,0,0,0);
insert into Item values (20104011,'梅花J','','HI',0,0,0,0);
insert into Item values (20104012,'梅花Q','','HI',0,0,0,0);
insert into Item values (20104013,'梅花K','','HI',0,0,0,0);
insert into Item values (20200001,'Magical Rabbit ','','Add 3 more cards to your stock pile.',0,0,0,0);
insert into Item values (20200002,'Rabbit Joker','','HI',0,0,0,0);
insert into Item values (20200003,'Cheeseman','','HI',0,0,0,0);
insert into Item values (20200004,'Cheese Girl','','HI',0,0,0,0);
insert into Item values (20200005,'Candy Trap','','HI',0,0,0,0);
insert into Item values (20200006,'Candy Knife','','HI',0,0,0,0);
insert into Item values (20200007,'二次消除牌蒙板','','HI',0,0,0,0);
insert into Item values (20300001,'Laser Gun','LaserGun','Remove 5 random cards from the playfield',0,0,9,0);
insert into Item values (20300002,'Rabbit Joker','RabbitJoker','Rabbit Joker can clear any number cards.',0,0,10,0);
insert into Item values (20300003,'Detector ','prop_hint','Highlight all playable cards.',0,0,0,1);
insert into Item values (20300004,'Time Freezer','prop_timestop','Freeze countdown time ',0,40000004,0,1);
insert into Item values (20300005,'Red and Black','RemoveRed','HI',0,0,0,1);
insert into Item values (20300006,'Jelly Spoon ','prop_cover','Remove all jelly traps',0,0,0,1);
insert into Item values (20300007,'消除手牌炸弹道具xiao chshou paizha dandao ju','prop_bomb','HI',0,0,0,1);
insert into Item values (20300008,'手牌炸弹','prop_bomb','Remove all of the same color cards that are currently facing up!',0,0,0,1);
insert into Item values (20300009,'Magic Hat','prop_reset','Reshuffle all the cards.',0,0,0,1);
insert into Item values (20300010,'Candy Knife','prop_coverall','Remove all candy traps',0,0,0,1);
insert into Item values (20300011,'Love Storm','prop_match','Remove all cheesemen',0,0,0,1);
insert into Item values (20300012,'Magic Eye','prop_flipall','All cards from the playfield face up!',0,0,0,1);
insert into Item values (20400001,'头像1','userdefault_1','HI',0,0,0,0);
insert into Item values (20400002,'头像2','userdefault_2','HI',0,0,0,0);
insert into Item values (20400003,'头像3','userdefault_3','HI',0,0,0,4);
insert into Item values (20400004,'头像4','userdefault_4','HI',0,0,0,4);
insert into Item values (20400005,'头像5','userdefault_5','HI',0,0,0,0);
insert into Item values (20500001,'卡牌正面1','Card_Front_1','HI',0,0,0,0);
insert into Item values (20500002,'卡牌正面2','Card_Front_2','HI',0,0,0,3);
insert into Item values (20500003,'卡牌正面3','Card_Front_3','HI',0,0,0,8);
insert into Item values (20500004,'卡牌正面4','Card_Front_4','HI',0,0,0,17);
insert into Item values (20500005,'卡牌背面1','Card_Back_1','HI',0,0,0,0);
insert into Item values (20500006,'卡牌背面2','Card_Back_2','HI',0,0,0,4);
insert into Item values (20500007,'卡牌背面3','Card_Back_3','HI',0,0,0,6);
insert into Item values (20500008,'卡牌背面4','Card_Back_4','HI',0,0,0,11);
insert into Item values (20500009,'卡牌背面5','Card_Back_5','HI',0,0,0,8);
insert into Item values (20500010,'卡牌背面6','Card_Back_6','HI',0,0,0,15);drop table ItemBuyInfo;
create table ItemBuyInfo(ID,ItemNum,ItemActualNum,Price,ActualPrice,ProductCode,BuyType);
insert into ItemBuyInfo values (1,80,80,0.99,0.99,'tripeaks.coin_1',1);
insert into ItemBuyInfo values (2,260,260,2.99,2.99,'tripeaks.coin_2',1);
insert into ItemBuyInfo values (3,635,550,6.99,7.99,'tripeaks.coin_3',1);
insert into ItemBuyInfo values (4,1270,1100,13.99,15.99,'tripeaks.coin_4',1);
insert into ItemBuyInfo values (5,2800,2210,27.99,35.99,'tripeaks.coin_5',1);
insert into ItemBuyInfo values (6,4600,3160,39.99,56.99,'tripeaks.coin_6',2);
insert into ItemBuyInfo values (7,8050,5540,69.99,99.99,'tripeaks.coin_7',1);
insert into ItemBuyInfo values (8,17200,11070,139.99,214.99,'tripeaks.coin_8',2);
insert into ItemBuyInfo values (9,1,1,1.99,1.99,'tripeaks.prop_1',1);
insert into ItemBuyInfo values (10,1,1,1.99,1.99,'tripeaks.prop_2',1);drop table ItemSkill;
create table ItemSkill(ID,Name,Num);
insert into ItemSkill values (40000001,'额外获取手牌e waihuo qushou pai',5);
insert into ItemSkill values (40000002,'随机消除牌数sui jixiao chupaishu',5);
insert into ItemSkill values (40000003,'炸弹倒计时zha dandao ji shi',30);
insert into ItemSkill values (40000004,'冻结时间dong jieshi jian',8);drop table ItemUnlockInfo;
create table ItemUnlockInfo(ID,UnlockType,NeedItemID,NeedINum,ActualNeedNum,UnlockItemNum);
insert into ItemUnlockInfo values (1,1,20000001,100,100,1);
insert into ItemUnlockInfo values (2,1,20000001,200,200,1);
insert into ItemUnlockInfo values (3,1,20000001,300,300,1);
insert into ItemUnlockInfo values (4,1,20000001,400,400,1);
insert into ItemUnlockInfo values (5,1,20000001,500,500,1);
insert into ItemUnlockInfo values (6,1,20000001,600,600,1);
insert into ItemUnlockInfo values (7,1,20000001,700,700,1);
insert into ItemUnlockInfo values (8,1,20000001,1000,1200,1);
insert into ItemUnlockInfo values (9,2,0,100,100,1);
insert into ItemUnlockInfo values (10,1,20000001,2000,2000,1);
insert into ItemUnlockInfo values (11,2,0,150,150,1);
insert into ItemUnlockInfo values (12,6,0,0,0,1);
insert into ItemUnlockInfo values (13,7,0,0,0,1);
insert into ItemUnlockInfo values (14,5,0,0,0,1);
insert into ItemUnlockInfo values (15,1,20000001,800,800,1);
insert into ItemUnlockInfo values (16,1,20000001,50,50,1);
insert into ItemUnlockInfo values (17,2,0,120,120,1);drop table Level;
create table Level(ID,Name,PreUnlockLevel,UnlockStarNum,SelectableTool,StarScore,CardRemoveBasePoint,StreakPointInterval,HandCardPoint,PointPerSecond,EnergyCost,UsableCardNum,BackupCardType,SpareCardNum,CountdownTime,ExtraCardNum,ExtraCardCost,CostInterval,CostThreshold,BackoutCost,BackoutCostInterval,BackoutCostThreshold,HandCardBombNum,BombRemoveCardNum,HandCardBombTime,JokerCardNum,ExtraGetCardNum,BGIMGResource,GoldReward);
insert into Level values (10000000,'Level_1.0',0,0,'20300003|20300012|20300009','960|2030|3380',50,50,100,10,1,10,0,0,0,5,0,0,0,0,0,330,0,0,0,0,0,'',0);
insert into Level values (10010001,'Level_1.1',0,0,'20300003|20300012|20300009','960|2030|3380',50,50,100,10,1,20,0,0,0,5,70,50,320,50,20,330,0,0,30,0,0,'',40);
insert into Level values (10010002,'Level_1.2',10010001,0,'20300003|20300012|20300009','960|2040|3400',50,50,100,10,1,21,1,5,0,5,70,50,320,50,20,330,0,0,30,0,0,'',40);
insert into Level values (10010003,'Level_1.3',10010002,0,'20300003|20300012|20300009','1080|2510|4180',50,50,100,10,1,21,2,5,0,5,70,50,320,50,20,330,0,0,30,0,0,'',40);
insert into Level values (10010004,'Level_1.5',10010003,0,'20300003|20300012|20300009','1120|2680|4460',50,50,100,10,1,21,3,5,0,5,70,50,320,50,20,330,0,0,30,0,0,'',40);
insert into Level values (10010005,'Level_1.4',10010004,0,'20300003|20300012|20300009','1120|2655|4420',50,50,100,10,1,19,0,0,0,5,70,50,320,50,20,330,0,0,30,0,0,'',45);
insert into Level values (10010006,'Level_1.6',10010005,0,'20300003|20300012|20300009','1120|2665|4440',50,50,100,10,1,20,1,5,0,5,70,50,320,50,20,330,0,0,30,0,0,'',45);
insert into Level values (10010007,'Level_1.7',10010006,0,'20300003|20300012|20300009','1120|2665|4440',50,50,100,10,1,20,2,5,0,5,70,50,320,50,20,330,0,0,30,0,0,'',45);
insert into Level values (10010008,'Level_1.8',10010007,0,'20300003|20300012|20300009','1000|2205|3670',50,50,100,10,1,22,3,5,0,5,70,50,320,50,20,330,0,0,30,0,0,'',45);
insert into Level values (10020001,'Level_2.1',10010008,15,'20300003|20300012|20300011','1040|2325|3870',50,50,100,10,1,19,3,5,0,5,70,50,320,50,20,330,0,0,0,0,0,'',45);
insert into Level values (10020002,'Level_2.2',10020001,15,'20300003|20300012|20300011','960|2005|3340',50,50,100,10,1,18,0,0,0,5,70,50,320,50,20,330,0,0,0,0,0,'',45);
insert into Level values (10020003,'Level_2.3',10020002,15,'20300003|20300012|20300011','840|1605|2670',50,50,100,10,1,19,1,5,0,5,70,50,320,50,20,330,0,0,0,0,0,'',45);
insert into Level values (10020004,'Level_2.4',10020003,15,'20300003|20300012|20300011','1000|2145|3570',50,50,100,10,1,17,2,5,0,5,70,50,320,50,20,330,0,0,0,0,0,'',45);
insert into Level values (10020005,'Level_2.5',10020004,15,'20300003|20300012|20300011','1080|2500|4160',50,50,100,10,1,20,3,5,0,5,70,50,320,50,20,330,0,0,0,0,0,'',45);
insert into Level values (10020006,'Level_2.6',10020005,15,'20300003|20300012|20300011','920|1920|3200',50,50,100,10,1,23,0,0,0,5,70,50,320,50,20,330,0,0,0,0,0,'',45);
insert into Level values (10020007,'Level_2.7',10020006,15,'20300003|20300012|20300011','960|2005|3340',50,50,100,10,1,18,1,5,0,5,70,50,320,50,20,330,0,0,0,0,0,'',45);
insert into Level values (10020008,'Level_2.8',10020007,15,'20300003|20300012|20300011','1040|2360|3930',50,50,100,10,1,22,2,5,0,5,70,50,320,50,20,330,0,0,0,0,0,'',45);
insert into Level values (10020009,'Level_2.9',10020008,15,'20300003|20300012|20300011','960|2055|3420',50,50,100,10,1,22,3,5,0,5,70,50,320,50,20,330,0,0,0,0,0,'',45);
insert into Level values (10020010,'Level_2.10',10020009,15,'20300003|20300012|20300011','1080|2520|4200',50,50,100,10,1,22,0,0,0,5,70,50,320,50,20,330,0,0,0,0,0,'',45);
insert into Level values (10020011,'Level_2.11',10020010,15,'20300003|20300012|20300011','1000|2180|3630',50,50,100,10,1,20,1,5,0,5,70,50,320,50,20,330,0,0,0,0,0,'',45);
insert into Level values (10020012,'Level_2.12',10020011,15,'20300003|20300012|20300011','1040|2335|3890',50,50,100,10,1,20,2,5,0,5,70,50,320,50,20,330,0,0,0,0,0,'',45);
insert into Level values (10020013,'Level_2.13',10020012,15,'20300003|20300012|20300011','1040|2370|3950',50,50,100,10,1,23,3,5,0,5,70,50,320,50,20,330,0,0,0,0,0,'',45);
insert into Level values (10020014,'Level_2.14',10020013,15,'20300003|20300012|20300011','960|2055|3420',50,50,100,10,1,18,0,0,0,5,70,50,320,50,20,330,0,0,0,0,0,'',45);
insert into Level values (10020015,'Level_2.15',10020014,15,'20300003|20300012|20300011','1160|2875|4790',50,50,100,10,1,23,1,5,0,5,70,50,320,50,20,330,0,0,0,0,0,'',45);
insert into Level values (10030001,'Level_3.1',10020015,30,'20300003|20300012|20300006','880|1750|2910',50,50,100,10,1,20,2,5,0,5,70,50,320,50,20,330,0,0,0,0,0,'',60);
insert into Level values (10030002,'Level_3.2',10030001,30,'20300003|20300012|20300006','1000|2145|3570',50,50,100,10,1,17,3,5,0,5,70,50,320,50,20,330,0,0,0,0,0,'',60);
insert into Level values (10030003,'Level_3.3',10030002,30,'20300003|20300012|20300006','960|2020|3360',50,50,100,10,1,19,0,0,0,5,70,50,320,50,20,330,0,0,0,0,0,'',60);
insert into Level values (10030004,'Level_3.4',10030003,30,'20300003|20300012|20300006','960|2055|3420',50,50,100,10,1,22,1,5,0,5,70,50,320,50,20,330,0,0,0,0,0,'',60);
insert into Level values (10030005,'Level_3.5',10030004,30,'20300003|20300012|20300006','920|1875|3120',50,50,100,10,1,19,2,5,0,5,70,50,320,50,20,330,0,0,0,0,0,'',60);
insert into Level values (10030006,'Level_3.6',10030005,30,'20300003|20300012|20300006','1000|2145|3570',50,50,100,10,1,17,3,5,0,5,70,50,320,50,20,330,0,0,0,0,0,'',60);
insert into Level values (10030007,'Level_3.7',10030006,30,'20300003|20300012|20300006','960|1970|3280',50,50,100,10,1,15,0,0,0,5,70,50,320,50,20,330,0,0,0,0,0,'',60);
insert into Level values (10030008,'Level_3.8',10030007,30,'20300003|20300012|20300006','1000|2145|3570',50,50,100,10,1,17,1,5,0,5,70,50,320,50,20,330,0,0,0,0,0,'',60);
insert into Level values (10030009,'Level_3.9',10030008,30,'20300003|20300012|20300006','1040|2335|3890',50,50,100,10,1,20,2,5,0,5,70,50,320,50,20,330,0,0,0,0,0,'',60);
insert into Level values (10030010,'Level_3.10',10030009,30,'20300003|20300012|20300006','800|1465|2440',50,50,100,10,1,18,3,5,0,5,70,50,320,50,20,330,0,0,0,0,0,'',60);
insert into Level values (10030011,'Level_3.11',10030010,30,'20300003|20300012|20300006','880|1735|2890',50,50,100,10,1,19,0,0,0,5,70,50,320,50,20,330,0,0,0,0,0,'',70);
insert into Level values (10030012,'Level_3.12',10030011,30,'20300003|20300012|20300006','960|2030|3380',50,50,100,10,1,20,1,5,0,5,70,50,320,50,20,330,0,0,0,0,0,'',70);
insert into Level values (10030013,'Level_3.13',10030012,30,'20300003|20300012|20300006','960|2005|3340',50,50,100,10,1,18,2,5,0,5,70,50,320,50,20,330,0,0,0,0,0,'',70);
insert into Level values (10030014,'Level_3.14',10030013,30,'20300003|20300012|20300006','920|1945|3240',50,50,100,10,1,25,3,5,0,5,70,50,320,50,20,330,0,0,0,0,0,'',70);
insert into Level values (10030015,'Level_3.15',10030014,30,'20300003|20300012|20300006','880|1810|3010',50,50,100,10,1,25,0,0,0,5,70,50,320,50,20,330,0,0,0,0,0,'',70);
insert into Level values (10040001,'Level_4.1',10030015,60,'20300003|20300006|20300010','840|1675|2790',50,50,100,10,1,25,0,0,0,5,70,50,320,50,20,330,0,0,0,0,0,'',70);
insert into Level values (10040002,'Level_4.2',10040001,60,'20300003|20300006|20300010','1080|2475|4120',50,50,100,10,1,18,0,0,0,5,70,50,320,50,20,330,0,0,0,0,0,'',70);
insert into Level values (10040003,'Level_4.3',10040002,60,'20300003|20300006|20300010','1000|2230|3710',50,50,100,10,1,24,0,0,0,5,70,50,320,50,20,330,0,0,0,0,0,'',70);
insert into Level values (10040004,'Level_4.4',10040003,60,'20300003|20300006|20300010','1000|2180|3630',50,50,100,10,1,20,0,0,0,5,70,50,320,50,20,330,0,0,0,0,0,'',70);
insert into Level values (10040005,'Level_4.5',10040004,60,'20300003|20300006|20300010','840|1615|2690',50,50,100,10,1,20,0,0,0,5,70,50,320,50,20,330,0,0,0,0,0,'',70);
insert into Level values (10040006,'Level_4.6',10040005,60,'20300003|20300006|20300010','1000|2180|3630',50,50,100,10,1,20,0,0,0,5,70,50,320,50,20,330,0,0,0,0,0,'',80);
insert into Level values (10040007,'Level_4.7',10040006,60,'20300003|20300006|20300010','960|2030|3380',50,50,100,10,1,20,0,0,0,5,70,50,320,50,20,330,0,0,0,0,0,'',80);
insert into Level values (10040008,'Level_4.8',10040007,60,'20300003|20300006|20300010','840|1665|2770',50,50,100,10,1,24,0,0,0,5,70,50,320,50,20,330,0,0,0,0,0,'',80);
insert into Level values (10040009,'Level_4.9',10040008,60,'20300003|20300006|20300010','1000|2215|3690',50,50,100,10,1,23,0,0,0,5,70,50,320,50,20,330,0,0,0,0,0,'',80);
insert into Level values (10040010,'Level_4.10',10040009,60,'20300003|20300006|20300010','1000|2170|3610',50,50,100,10,1,19,0,0,0,5,70,50,320,50,20,330,0,0,0,0,0,'',80);
insert into Level values (10040011,'Level_4.11',10040010,60,'20300003|20300006|20300010','920|1910|3180',50,50,100,10,1,22,0,0,0,5,70,50,320,50,20,330,0,0,0,0,0,'',80);
insert into Level values (10040012,'Level_4.12',10040011,60,'20300003|20300006|20300010','1040|2360|3930',50,50,100,10,1,22,0,0,0,5,70,50,320,50,20,330,0,0,0,0,0,'',90);
insert into Level values (10040013,'Level_4.13',10040012,60,'20300003|20300006|20300010','1000|2205|3670',50,50,100,10,1,22,0,0,0,5,70,50,320,50,20,330,0,0,0,0,0,'',90);
insert into Level values (10040014,'Level_4.14',10040013,60,'20300003|20300006|20300010','960|2030|3380',50,50,100,10,1,20,0,0,0,5,70,50,320,50,20,330,0,0,0,0,0,'',90);
insert into Level values (10040015,'Level_4.15',10040014,60,'20300003|20300006|20300010','1160|2780|4630',50,50,100,10,1,15,0,0,0,5,70,50,320,50,20,330,0,0,0,0,0,'',90);drop table Payment;
create table Payment(id integer PRIMARY KEY NOT NULL,gold,discount,text,item,count,infinite_life,infinite_time);
insert into Payment values (1,30,0.9,1001,101,5,0,0);drop table Planet;
create table Planet(ID,Name,spineRes,imgRes,MapResource);
insert into Planet values (10010000,'Earth','Spine/Ball_1/ball_1_SkeletonData','Texture/Planet/planet1','120|221|255');
insert into Planet values (10020000,'Cheese','Spine/Ball_3/ball_3_SkeletonData','Texture/Planet/planet3','255|190|120');
insert into Planet values (10030000,'Jelly','Spine/Ball_2/ball_2_SkeletonData','Texture/Planet/planet2','255|120|120');
insert into Planet values (10040000,'Lollipop','Spine/Ball_4/ball_4_SkeletonData','Texture/Planet/planet4','228|255|71');
insert into Planet values (19990000,'comesoon','Spine/Ball_cs/ball_cs_SkeletonData','','');drop table PlayerNameCost;
create table PlayerNameCost(ID,Cost,Interval,LimitThreshold);
insert into PlayerNameCost values (1,100,100,500);drop table UnlockType;
create table UnlockType(ID,type);
insert into UnlockType values (1,'购买');
insert into UnlockType values (2,'星级数量');
insert into UnlockType values (3,'等级');
insert into UnlockType values (4,'邀请好友数量');
insert into UnlockType values (5,'评价');
insert into UnlockType values (6,'签到');
insert into UnlockType values (7,'成就');